TGTGCCAGCAGTTTATCGCCGGGACTGGCCTACGAGCAGTACTTC	CASSLSPGLAYEQYF	TRBV27	TRBJ2-7
TGTGCCAGCAAAGTCAGAATTGCTGCAACTAATGAAAAACTGTTTTTT	CASKVRIAATNEKLFF	TRBV5-6	TRBJ1-4
TGCAGTGCCGACTCCAAGAACAGAGGAGCGGGGGGGGAGGCAAGCTCCTACGAGCAGTACTTC	CSADSKNRGAGGEASSYEQYF	TRBV20-1	TRBJ2-7
TGTGCCAGCATCGGTGGCGGGACTAGTCTCTCCTACAATGAGCAGTTCTTC	CASIGGGTSLSYNEQFF	TRBV7-9	TRBJ2-1
TGTGCCAGTATCTGCGGATGTACTAGCACAGATACGCAGTATTTT	CASICGCTSTDTQYF	TRBV19	TRBJ2-3
TGTGCTAGTGGGAAAAATCGGGACTCTAGTGCAGGCCAAGAGACCCAGTACTTC	CASGKNRDSSAGQETQYF	TRBV12-5	TRBJ2-5
TGCGCCAGCAGCCAAGTCCGTAGGACAGGGCACGGGCGTCGGGAAGAAAAACTGTTTTTT	CASSQVRRTGHGRREEKLFF	TRBV4-1	TRBJ1-4
TGTGCCAGCAGCTCAACTTCCCAGTACTTC	CASSSTSQYF	TRBV7-8	TRBJ2-5
TGCAGTGCTCTGACAGGGCTATGCAGGAGCTCCTACGAGCAGTACTTC	CSALTGLCRSSYEQYF	TRBV20-1	TRBJ2-7
TGTGCCAGCAGTTCTAGCGGCTGCAATGAGCAGTTCTTC	CASSSSGCNEQFF	TRBV9	TRBJ2-1
